summary,censor_reason,link,type,year,challenger,book_theme,school_district,notes,state,impacted_high_school,impacted_public_library,impacted_elementary_school,impacted_middle_school,impacted_K-12,impacted_P-8
Book Challenge: To Kill A Mockingbird challenged for Intolerance,Intolerance,https://www.hngnews.com/monona_cottage_grove/article_10c03045-3d5b-5d27-8998-71bb928e1dbd.html,Book Challenge,2018,Parent(s),Race,Monona Grove School District,"A parent made formal request to remove To Kill a Mockingbird from the curriculum, citing 28 racial slurs directed at African American characters. The book was ultimately retained.",WI,1,0,0,0,0,0
Book Challenge: The Facts Speak for Themselves challenged for Sex,Sex,https://www.marshall.edu/library/bannedbooks/the-facts-speak-for-themselves/,Book Challenge,2018,Parent(s),Other,Marion County Public Schools,Parents requested the removal of Brock Cole's The Facts Speak for Themselves from the school library due to the book's use of sexually explicit language. Book was apparently removed from the school library without a review process.,FL,0,1,0,0,0,0
Book Challenge: The Hate U Give challenged for Profanity,Profanity,N/A,Book Challenge,2018,Parent(s),Race,Gurnee School District 56,Angie Thomas's The Hate U Give was pulled mid-instruction from middle school classrooms after a staff member complained about profanity. The book had never been officially approved for classroom use.,IL,1,0,0,0,0,0
Book Challenge: The Giver challenged for Dark Themes,Dark Themes,https://www.authorsguild.org/wp-content/uploads/2020/06/Letter-to-Minshew-Schools-re-the-Giver.pdf,Book Challenge,2018,Parent(s),Other,McKinney Independent School Dist,A formal request was submitted to remove The Giver from the curriculum because of references to homicide and sexuality.,TX,0,0,1,0,0,0
Event/Other Expression: Student punished for Political/Social Views,Political/Social Views,https://www.nydailynews.com/news/crime/teacher-arrested-forcing-child-stand-pledge-article-1.3820254,Event/Other Expression,2018,Staff/Admin/Board,N/A,Boulder Valley School District,"A middle student was physically forced to his feet and made to leave the classroom when he chose to not stand for the Pledge of Allegiance, despite 80 years of Supreme Court jurisprudence rendering that unlawful.. A district spokesperson later confirmed that students have the right to decline to participate in the Pledge",CO,0,0,0,1,0,0
Book Challenge: The Hate U Give challenged for Profanity,Profanity,https://ncac.org/wp-content/uploads/2021/12/Case-no-1807-Letter_ISO_THUG_-_Springfield_MO.pdf,Book Challenge,2018,Parent(s),Race,Springfield Public Schools,"The Hate U Give was assigned as a supplemental text to Reed Academy eighth-graders until a parent requested it be removed due to profanity. A Missouri State Representative Anderson also contacted school officials to request the book's removal, citing the same concerns. Consequently, the book was pulled from the classroom, pending further review of its educational merits.",MO,0,0,0,1,0,0
Book Challenge: Looking for Alaska challenged for LGBTQ content,LGBTQ,https://www.authorsguild.org/wp-content/uploads/2020/06/Looking-for-Alaskarev-%E2%80%93-Clinton-NC.pdf,Book Challenge,2018,Parent(s),Other,Clinton City Schools,A challenge was filed to Looking for Alaska by John Green in the High School English curriculum,NC,1,0,0,0,0,0
Book Challenge: A Separate Peace challenged for LGBTQ content,LGBTQ,https://ncac.org/wp-content/uploads/2021/12/Case-no-1809-Letter_to_Prosper_ISO_A_Separate_Peace.pdf,Book Challenge,2018,Parent(s),Other,Prosper Independent School Dist,"A Separate Peace, by John Knowles was abruptly pulled (without prior review) from a Prosper High School English classroom, in response to parental objections to the book's discussion of sexuality",TX,1,0,0,0,0,0
Book Challenge: To Kill A Mockingbird challenged for Intolerance,Intolerance,https://ncac.org/news/Press/Yearbook-release/ncac-opposes-removal-of-to-kill-a-mockingbird-and-huckleberry-finn-from-minnesota-classrooms,Book Challenge,2018,Parent(s),Race,Duluth Public Schools,"To Kill a Mockingbird and The Adventures of Huckleberry Finn were removed from the curriculum without review or teacher input, in violation of district policy",MN,1,0,0,0,0,0
Event/Other Expression: Students censored for Political/Social Views,Political/Social Views,https://thehill.com/blogs/blog-briefing-room/news/374812-texas-school-district-threatens-to-suspend-students-who-protest?rl=3D1,Event/Other Expression,2018,Staff/Admin/Board,N/A,Needville Independent School District,"A Superintendent sent a letter to families and also posted it on social media warning that anyone protesting gun violence [in response to the Parkland, FL school shooting] would face being punished with a 3-day out of school suspension.",TX,0,0,0,0,1,0
Internet/Social Media: District censored comments on its Facebook page for Criticism of School,Criticism of School,https://ncac.org/news/blog/delaware-school-district-removes-comments-supporting-gun-control-protest-from-facebook,Internet/Social Media,2018,Staff/Admin/Board,N/A,Caesar Rodney School District,A school district removed comments from the district's Facebook page which disagreed with the District's position on student protests.,DE,0,0,0,0,1,0
Book Challenge: Perks of Being a Wallflower challenged for LGBTQ content,LGBTQ,https://www.facebook.com/BeavertonSchoolDistrict/posts/instructional-materials-challenge-of-the-perks-of-being-a-wallflowertwo-parents-/2087090217974477/,Book Challenge,2018,Parent(s),Other,Beaverton School Dist,A challenge to The Perks of Being a Wallflower by Stephen Chbosky sought its removal from middle and high school classrooms and libraries.,OR,0,0,0,1,0,0
Book Challenge: Looking for Alaska challenged for LGBTQ content,LGBTQ,N/A,Book Challenge,2018,Parent(s),Other,West Ada School Dist,"Looking for Alaska by John Green was removed from middle school libraries, without formal review as required by district regulations",ID,0,0,0,1,0,0
Book Challenge: Two Boys Kissing challenged for Sex,Sex,https://ncac.org/news/blog/cody-school-board-removes-novel-against-recommendation-of-review-committee,Book Challenge,2018,Parent(s),Other,Cody Public Schools,"A school board removed Tanya Lee Stone's A Bad Boy Can Be Good for a Girl, against the recommendation of the review committee",WY,1,0,0,0,0,0
Event/Other Expression: Students censored for LGBTQ content,LGBTQ,N/A,Event/Other Expression,2018,Staff/Admin/Board,N/A,Elmore County School Dist,Performance of the student- authored play Confessions at a high school was halted because of a Catholic teacher's objections to the depiction of a homosexual priest.,AL,1,0,0,0,0,0
Clothing/Appearance: Student censored ffor Political/Social Views,Political/Social Views,https://katu.com/news/local/hillsboro-student-sues-school-district-after-being-removed-for-trump-quoting-t-shirt,Clothing/Appearance,2018,Staff/Admin/Board,N/A,Hillsboro School District,A high school student wearing a T-shirt with a pro-Trump message was told by an assistant principal to either cover his shirt or leave campus. The student chose to leave and later found out that his absence was being recorded as a suspension. The school later rescinded the suspension.,OR,1,0,0,0,0,0
Book Challenge: Fun Home challenged for Sex,Sex,https://ncac.org/news/blog/fun-home-under-fire-in-new-jersey,Book Challenge,2018,Parent(s),LGBTQ,Watchung Hills Regional HS,Parents sought removal of Fun Home from the 12th grade curriculum due to its =E2=80=9Csexually explicit nature.=E2=80=9D,NJ,1,0,0,0,0,0
Event/Other Expression: Valedictorian's speech censored for Criticism of School ,Criticism of School,https://www.oregonlive.com/opinion/2018/06/leonard_pitts_jr_petaluma_high.html,Event/Other Expression,2018,Staff/Admin/Board,N/A,Petaluma City Schools,High School valedictorian was told by school officials not to talk about her alleged on-campus sexual assault and that the school took no action when she reported it during her graduation speech. Her microphone was turned off when she started talking about those topics.,CA,1,0,0,0,0,0
Event/Other Expression: Student censored for Political/Social Views,Political/Social Views,https://www.twincities.com/2018/06/15/wisconsin-high-school-censors-students-graduation-speech/,Event/Other Expression,2018,Staff/Admin/Board,N/A,School District of Tomahawk,"One of six valedictorians chose not to speak at graduation after the administration censored her speech which referenced discrimination, school shootings, and gender inequality.",WI,1,0,0,0,0,0
Book Challenge: The Hate U Give challenged for Political/Social Views,Political/Social Views,https://ncac.org/news/blog/fraternal-order-of-police-challenges-summer-reading-list-in-south-carolina-high-school,Book Challenge,2018,Law Enforcement,Race,Charleston County School Dist,"The inclusion of two popular young adult books, The Hate U Give by Angie Thomas and All American Boys by Jason Reynolds and Brendan Kiely, on the Wando High School summer reading list was challenged by the local Fraternal Order of Police in Charleston County, South Carolina.",SC,1,0,0,0,0,0
Art/Display: Student artwork censored for Political/Social Views,Political/Social Views,https://www.timesunion.com/news/article/Niskayuna-student-seeks-justice-finds-censorship-13120852.php,Art/Display,2018,Staff/Admin/Board,N/A,Niskayuna Central School District,"A recent high school graduate was made to alter - twice - a painting that bore the name of her alleged rapist, before the school removed it from being on display in one of the school's hallways.",NY,1,0,0,0,0,0
Press/Yearbook: School attempted to censor school newspaper for Criticism of School,Criticism of School,https://splc.org/2018/05/0522prosper-2/,Press/Yearbook,2018,Staff/Admin/Board,N/A,Prosper Independent School District,"As a result of advocacy and national Press/Yearbook coverage, the principal of Prosper High School informed the student journalists of the Eagle Nation Online that they would not need his approval before publishing. This is a reversal of a policy the principal put in place during the 2017-2018 school year which required stories be submitted and approved by him and also banned student opinion pieces.",TX,1,0,0,0,0,0
Art/Display: Religious groups called for removal of LGBTQ content from book display at library,LGBTQ,https://ncac.org/news/Press/Yearbook-release/maine-pastors-banned-books,Art/Display,2018,Religious Leader(s),N/A,Rumford Public Library,Local religious groups called for the removal of all LGBTQ books from a Banned Books Week display at the Rumford Public Library.,ME,0,1,0,0,0,0
Art/Display: Student art was removed for Political/Social views,Political/Social Views,https://www.wrdw.com/content/news/NAHS-students-say-Black-Lives-Matter-art-was-wrongfully-removed-494754581.html,Art/Display,2018,Staff/Admin/Board,N/A,Aiken County Public School District,"Two Black Lives Matter chalk drawings, created by students participating in a fundraiser, were removed, as directed by the school principal, for being controversial.",SC,1,0,0,0,0,0
Book Challenge: City of Thieves challenged for Sex,Sex,https://ncac.org/news/city-of-thieves-removed-from-florida-high-school,Book Challenge,2018,Parent(s),Other,Lee County School Dist,"City of Thieves, by David Benioff, was removed from a10th grade English class pending review, in violation of district policy",FL,1,0,0,0,0,0
Book Challenge: Beartown challenged for Sex,Sex,https://ncac.org/news/beartownnc,Book Challenge,2018,Parent(s),Other,Rockingham County School Dist,"School district removed Beartown, a 2017 novel by Fredrik Backman. The school board's decision to ban the book followed an influx of parent complaints. The book had been assigned in a 10th grade honors English class until parents complained about its =E2=80=9Cvulgar=E2=80=9D, =E2=80=9Cgraphic=E2=80=9D and =E2=80=9Cjust unnecessary=E2=80=9D subject matter.",NC,1,0,0,0,0,0
Press/Yearbook: School newspaper censored for Criticism of School,Criticism of School,https://www.buzzfeednews.com/article/amberjamieson/harber-high-arkansas-student-newspaper-suspended-football,Press/Yearbook,2018,Staff/Admin/Board,N/A,Springdale Public Schools,"A student newspaper published a story which questioned the legitimacy of the district's approval for five varsity football players to transfer mid-school year from one high school to another. Despite there being Arkansas state laws protecting the rights of student publications and the right of expression of student journalists, demands were made by district officials to remove the story from the newspaper's website. The Herald was also suspended from publishing while the district rewrites the policies and protocols for student-run publications.",AR,1,0,0,0,0,0
Book Challenge: I Am Jazz challenged for LGBTQ content,LGBTQ,https://ncac.org/news/blog/kansas-library-defending-lgbtq-stories-from-challengers,Book Challenge,2019,Lawmaker(s),LGBTQ,Andover Public Library,"Challenges to three books with transgender protagonists on ""moral grounds""",KS,0,1,0,0,0,0
Book Challenge: Fun Home challenged for Sex,Sex,https://ncac.org/news/new-jersey-high-schools-restrict-access-to-fun-home,Book Challenge,2019,Staff/Admin/Board,LGBTQ,North Hunterdon-Voorhees School Dist,Fun Home was removed from a school library.,NJ,1,0,0,0,0,0
Book Challenge: Assassination Classroom challenged for Violence,Violence,https://ncac.org/news/popular-manga-title-pulled-from-new-york-school,Book Challenge,2019,Parent(s),N/A,NYCDOE District 31,Assassination Classroom was removed from a school library.,NY,0,0,0,1,0,0
Event/Other Expression: Student punished for Political/Social Views,Political/Social Views,https://www.cnn.com/2019/03/07/us/florida-pledge-of-allegiance-dispute/index.html?utm_source=3DCommunications&utm_campaign=3D1470c06df7-EMAIL_CAMPAIGN_2019_03_07_03_56&utm_medium=3Demail&utm_term=3D0_c67d07604c-1470c06df7-247398081&mc_cid=3D1470c06df7&mc_eid=3D21c0dc6f1b,Event/Other Expression,2019,Staff/Admin/Board,N/A,Polk County Public Schools,"When a sixth-grade student at Lawton Chiles Middle Academy refused to stand for the Pledge of Allegiance, the substitute teacher called the school administration. An administrator and school resource officer came and asked the student to leave the classroom. The district claims the substitute teacher did not know the student code of conduct doesn't mandate participation during the Pledge of Allegiance.",FL,0,0,0,1,0,0
Book Challenge: It's Perfectly Normal challenged for Sex,Sex,https://www.youtube.com/watch?v=3DRRmoTcme38I,Book Challenge,2019,Parent(s),Other,Evergreen Public Schools,A challenge was filed  to Its Perfectly Normal,WA,0,0,0,0,1,0
Book Challenge: Pride: The Story of Harvey Milk and the Rainbow Flag challenged for LGBTQ content,LGBTQ,https://ncac.org/news/pride-the-story-of-harvey-milk-and-the-rainbow-flag-challenged-in-virginia-school,Book Challenge,2019,Parent(s),LGBTQ,Hanover County Public Schools,PRIDE,VA,0,0,1,0,0,0
Event/Other Expression: Student censored for Political/Social Views,Political/Social Views,https://thehill.com/blogs/blog-briefing-room/news/438476-new-york-student-says-teacher-wouldnt-let-her-pick-trump-for,Event/Other Expression,2019,Staff/Admin/Board,N/A,Sachem Central School District,"A sixth-grade student was told that she could not use then-President Trump for her hero's project because he ""spreads negativity and says bad stuff about women"".",NY,0,0,0,1,0,0
Book Challenge: Eleanor & Park challenged for LGBTQ content,LGBTQ,https://ncac.org/wp-content/uploads/2021/12/Case-no-1915-KRRP-letter-ISO-Eleanor-and-Park-OrtingDistrict.pdf,Book Challenge,2019,Parent(s),LGBTQ,Orting School Dist,"Eleanor and Park, by Rainbow Rowell, was pulled from the 8th grade Battle of the Books choice curriculum without review.",WA,0,0,0,1,0,0
"Event/Other Expression: Student play censored for Profanity, Sex and Intolerance","Intolerance, Sex",http://www.artsintegrity.org/c-a-n-c-e-l-i-n-g-spelling-bee-at-a-maryland-middle-school/,Event/Other Expression,2019,Staff/Admin/Board,N/A,Prince George's County Public Schools,"A middle school production of ""The 25th Annual Putnam County Spelling Bee"" was cancelled after the play was ""deemed more appropriate for high school and not middle school"". The district raised concerns including profane language, sexual innuendo, and potentially-viewed-as-racist lines. Ultimately, a solution was found (by a student) and the play will go on - with a delayed start and PG-13 rating, noting mature content.",MD,0,0,0,1,0,0
Press/Yearbook: Students censored for Sex,Sex,https://abc7news.com/bear-creek-high-school-stockton-intermediate-ca-weather/5284675/,Press/Yearbook,2019,Staff/Admin/Board,N/A,Lodi Unified School District,"After a CA school district sought to censor an article in the school newspaper about an 18-year-old student who works in the adult entertainment industry in order pay bills, an attorney hired by the district informed the district that the censorship was illegal under California law, which gives student journalist broad free expression Press/Yearbook rights. The article subsequently appeared in the school newspaper.",CA,1,0,0,0,0,0
Art/Display: Mural removed for  LGBTQ content,LGBTQ,https://www.insidernj.com/Press/Yearbook-release/garden-state-equality-condemns-erasure-students-lgbtq-pride-mural-hackensack-public-school-church-objections/,Art/Display,2019,Religious Leader(s),N/A,Bergen Arts & Science Charter High School,"A charter school removed an LGBTQ pride mural that a sixteen year old student had made. The school's landlord, a church, complained that the mural's rainbow heart was ""offensive"".",NJ,1,0,0,0,0,0
Clothing/Appearance: Student censored for Political/Social Views,Political/Social Views,https://fox8.com/news/students-pro-trump-hats-blurred-from-pennsylvania-high-school-yearbook/,Clothing/Appearance,2019,Staff/Admin/Board,N/A,Littlestown Area School District,"A student's yearbook photo was airbrushed to remove the words on his hat, ""Trump",PA,1,0,0,0,0,0
Event/Other Expression: Author book talk cancelled for Sex,Sex,N/A,Event/Other Expression,2019,Staff/Admin/Board,Other,Prince George's County Public Schools,A book talk with author Elizabeth Acevedo at Buck Lodge Middle School was cancelled after a county official objected to passages in her young-adult novel With the Fire on High.,MD,0,0,0,1,0,0
Art/Display: Student artwork censored for Sex,Sex,https://www.rutlandherald.com/news/local/mill-river-student-s-artwork-censored/article_547ad9ce-228a-511d-9cd6-5f93056e41ea.html,Art/Display,2019,Student(s),N/A,Mill River Unified Union School District,"A student's art project was barred from the District's Advanced Placement art showcase. The project featured pictures of persons tied using Shibari, a form artistic Japanese rope bondage. The principal had received complaints from students saying the piece made them uncomfortable and was offensive.",VT,1,0,0,0,0,0
Book Challenge: The Walking Dead challenged for Violence and Profanity,"Profanity, Violence",https://ncac.org/news/idaho-high-school-bans-the-walking-dead-from-campus,Book Challenge,2019,Parent(s),N/A,Wallace School District,The Walking Dead was removed from school despite a review committee recommendation to keep it.,ID,1,0,0,0,0,0
Book Challenge: Love Is Love challenged for LGBTQ content,LGBTQ,https://www.lgbtqnation.com/2019/07/texas-high-school-bans-graphic-novel-pulse-shooting-extreme-homosexuality/,Book Challenge,2019,Parent(s),LGBTQ,Irving Independent School District,The LGBTQ anthology comic book Love is Love was removed from a high school without undergoing a proper review process. It is also unclear who authorized the removal of the book from the school.,TX,1,0,0,0,0,0
Art/Display: Student artwork censored for Political/Social Views,N/A,https://www.actionnews5.com/2019/08/03/scs-responds-after-student-artwork-is-removed-southwind-high-school-hallway/,Art/Display,2019,Staff/Admin/Board,N/A,Shelby County Schools,"A piece of student artwork, hung on display during the 2016-2017 school year, depicting then-President Trump with tape over his mouth and the Statue of Liberty covering her face was removed from the hallway at a high school The district stated that the artwork was removed ""not due to any attention on social media, but because the principal received a threatening phone call. This decision was made in the interest of safety...""",TN,1,0,0,0,0,0
Clothing/Appearance: Student censored for LGBTQ content,Political/Social Views,https://www.washingtonpost.com/education/2019/08/18/she-wore-tuxedo-her-senior-portrait-yearbook-left-her-photo-out/,Clothing/Appearance,2019,Staff/Admin/Board,N/A,St. Clair County Schools,"After a female student chose to wear a tuxedo for her senior portrait instead of the traditional black velvet drape and pearls often worn by females, the yearbook omitted her picture and instead listed her name on the back page under the heading ""Not Pictured"".",AL,1,0,0,0,0,0
Clothing/Appearance: Students censored for Political/Social Views,LGBTQ,https://www.wymt.com/content/news/Students-forced-to-change-after-wearing-LGBTQ-positive-shirts-to-school--558358831.html,Clothing/Appearance,2019,Staff/Admin/Board,N/A,Martin County Schools,Several high school students who were wearing LGBTQ pride shirts were charged with a dress code violation. The students were forced to change shirts.,KY,1,0,0,0,0,0
Book Challenge: Dear Martin challenged for Sex,Political/Social Views,https://ncac.org/wp-content/uploads/2021/12/Case-no-1924-KRRP-Letter-to-Columbia-County-Schools_10.21.19.pdf,Book Challenge,2019,Staff/Admin/Board,Various,Columbia County Public Schools,"Three novels were excluded from the Columbia County High School supplemental curriculum based on isolated references to sex, violence or =E2=80=9Cgraphic depictions=E2=80=9D",GA,1,0,0,0,0,0
Book Challenge: Various books challenged for various reasons,Sex,https://www.loudountimes.com/news/diverse-classroom-libraries-spark-debate-in-loudoun-county/article_62e8671c-eaa6-11e9-ac15-4f7856694f30.html,Book Challenge,2019,Parent(s),N/A,Loudoun County Public Schools,Challenges to books in Diverse Classroom Libraries led to books being retained but moved to different grade levels. The books were,VA,0,0,0,0,1,0
Press/Yearbook: School newspaper censored for Criticism of School ,Other,https://splc.org/2019/11/illinois-school-district-censors-student-newspaper-is-it-a-violation-of-the-new-voices-law/,Press/Yearbook,2019,Staff/Admin/Board,N/A,Naperville 203 Community Unit School District,"A high school newspaper was censored after the paper planned to run a story about a special needs student causing constant classroom disruptions, including punching a teacher in the head, resulting in a concussion The state has a New Voices Act which provides additional student Press/Yearbook freedom beyond that granted by the US Constitution.",IL,1,0,0,0,0,0
Book Challenge: Prince and Knight challenged for LGBTQ content and Sex,Criticism of School,https://ncac.org/news/lgbtq-childrens-book-removed-from-library-shelves-in-west-virginia,Book Challenge,2019,Religious Leader(s),LGBTQ,Upshur County Public Library,Prince & Knight removed from the children's section of library at the request of a local pastor.,WV,0,1,0,0,0,0
Event/Other Expression: Students censored for LGBTQ content,"Sex, LGBTQ",https://www.phoenixnewtimes.com/news/arizona-public-school-accused-of-mistreating-lgbtq-students-11392194,Event/Other Expression,2019,Staff/Admin/Board,N/A,Deer Valley Unified School District,Students reported that the school rejected the students' request to start an LGBTQ support club and refused to use a student's preferred pronouns.,AZ,0,0,1,0,0,0
Art/Display: Student art destroyed by teacher for Political/Social Views,LGBTQ,https://sacramento.cbslocal.com/2019/11/21/elementary-school-art-project-censorship/,Art/Display,2019,Staff/Admin/Board,N/A,San Juan Unified School District,"After four elementary school students chose ""Black Lives Matter"" as the subject for their ""activism artwork"" assignment, their teacher reportedly threw away their artwork claiming it was ""inappropriate and political"".",CA,0,0,1,0,0,0
Event/Other Expression: Student Censored for LGBTQ Content,Political/Social Views,https://www.phoenixnewtimes.com/news/norterra-canyon-lgbtq-gay-lgbt-principal-mineer-student-pride-11398099,Event/Other Expression,2019,Staff/Admin/Board,N/A,Deer Valley Unified School District,"A sixth grade student was prohibited from doing her ""real world problems"" project on the topic of LGBTQ pride.",AZ,0,0,0,0,0,1
Press/Yearbook: Students censored for Religion,LGBTQ,https://www.ksla.com/2019/12/13/high-school-newspapers-blank-front-page-says-volumes-about-free-speech-separation-church-state/,Press/Yearbook,2019,Staff/Admin/Board,N/A,Bossier Parish Schools,"Student journalists decided to keep the first page of the school newspaper blank after they were told to replace the original photo, one of a Christmas tree ornament with the words ""I love Jesus"", with something else.",LA,1,0,0,0,0,0
Book Challenge: It's Perfectly Normal Challenged for Sex,Religion,https://www.phoenixnewtimes.com/news/its-perfectly-normal-childrens-sex-ed-book-arizona-kern-bowers-11407532,Book Challenge,2019,Lawmaker(s),Other,State of Arizona,State Representative Kelly Townsend wrote a Facebook post calling for public school and county libraries to pull copies of It's Perfectly Normal from their shelves. The local library refused.,AZ,0,1,0,0,0,0
Book Challenge: George challenged for LGBTQ content,Sex,N/A,Book Challenge,2020,Parent(s),LGBTQ,Da Vinci Charter,A principal contacted us looking for guidance re,MN,0,0,1,0,0,0
Internet/Social Media: Student punished for Intolerance,LGBTQ,N/A,Internet/Social Media,2020,Student(s),N/A,Kettering City SD,"A student posted a sentence in Hebrew on his snapchat, which translates to ""if you can read this you are cancer."" The student claimed it was a joke. After the district received complaints from students and parents, the student was suspended for 10 days and given notice of intent to expel under the following provisions of the Rules of Conduct",OH,1,0,0,0,0,0
Clothing/Appearance: Student punished for Political/Social Views and Intolerance,Intolerance,N/A,Clothing/Appearance,2020,Staff/Admin/Board,N/A,Quitman ISD,"A student was punished for having images of the Confederate flag on campus. School policy says that the district forbids images which ""Could be offensive or have a ""double meaning,"" including references to death or violence (such as guns or deadly weapons), or Confederate flag items."" School does not claim risk of disruption, only that flag is pro-slavery / offensive. The school denied that any student has been punished and says they have ""no responsive documents"" other than the student handbook and district policy.",TX,1,0,0,0,0,0
Art/Display: Student punished for Intolerance,"Intolerance, Political/Social Views",N/A,Art/Display,2020,Staff/Admin/Board,N/A,Conejo Valley USD,"Student was disciplined for creating an allegedly racist meme, but most discipline was subsequently reversed.",CA,0,0,0,0,0,0
Press/Yearbook: Yearbook senior quotes removed for Criticism of School,Intolerance,N/A,Press/Yearbook,2020,Staff/Admin/Board,N/A,Kokomo School Corp,"Yearbook decided to include senior quotes. Administration said the quotes submitted by students were too controversial, and told yearbook students that they could not include any quote about race, sexuality, or anything negative about schools. One quote was deemed inappropriate simply because a girl talked about the fact she was gay. The school eventually decreed that senior quotes would not be allowed in the book at all. Referred to SPLC",IN,1,0,0,0,0,0
Book Challenge: Little & Lion challenged for Sex and LGBTQ content,Criticism of School,http://cbldf.org/2020/01/little-lion-upsetting-florida-parents/,Book Challenge,2020,Parent(s),LGBTQ,Palm Beach County School Dist,"Parents asked the School Board to pull Little & Lion from its approved list of reading materials. They said they are going to pursue a formal complaint, but the district states that no formal complaint was filed.",FL,1,0,0,0,0,0
Internet/Social Media: Student punished for Criticism of School on social media,"Sex, LGBTQ",N/A,Internet/Social Media,2020,Staff/Admin/Board,N/A,Mansfield ISD,A student was removed from the Choir Presidency after she posted a video in retaliation to being anonymously bullied on Snapchat. They told her that she was terrible at her job and they hated choir because of her. In her video she didn't name names however she did use the =E2=80=9Cf=E2=80=9D word and basically said she didn't care what they thought and she was going to be her and do the best job she knew how in so many words.,TX,1,0,0,0,0,0
Internet/Social Media: Student censored for Intolerance,Criticism of School,N/A,Internet/Social Media,2020,Staff/Admin/Board,N/A,Chicago Public Schools,"A student posted a picture on Instagram and the principal told him to take it down. The picture was of a white kid giving another white kid a paper with ""n-word pass"" written on it - the point being that the recipient gets to use the word.",IL,0,0,0,1,0,0
Book Challenge: Drama challenged for LGBTQ content,Intolerance,https://ncac.org/news/ncac-urges-district-to-retain-drama-in-wyoming-school-library,Book Challenge,2020,Parent(s),LGBTQ,Laramie Cty SD No 1,"A challenge was filed to Drama, because it ""normalizes"" LGBTQ identity. The book was ultimately retained.",WY,0,0,1,0,0,0
Book Challenge: I Know Why the Caged Bird Sings challenged for Sex and Violence,LGBTQ,N/A,Book Challenge,2020,Parent(s),Race,South Tippah School Dist,"A school district banned I Know Why the Caged Bird Sings for all students, one day before the start of a unit featuring the book. The book is on the text exemplar list for the state of Mississippi and the district has approved lesson plans on it for 7 years for tenth grade English. One parent had complained tabout the molestation scene in chapter 12.",MS,1,0,0,0,0,0
Clothing/Appearance: Student censored for Sex,"Sex, Violence",N/A,Clothing/Appearance,2020,Staff/Admin/Board,N/A,Johnson Cty School Dist No 1,"""Virginity Rocks"" t-shirt barred from middle school. School district claimed that ""the shirt is sexual orientation...Sexual orientation cannot be expressed in school.""",WY,0,0,0,0,0,0
Book Challenge: The Bluest Eye challenged for Sex and Violence,Sex,https://ncac.org/news/california-ban-toni-morrison,Book Challenge,2020,Parent(s),Race,Colton Joint Union School Dist,The Bluest Eye was removed from an English Language Arts reading list. It had been assigned to AP English. We learned of this after the fact.,CA,1,0,0,0,0,0
Internet/Social Media: Student punished for Political and Social Views and Intolerance,"Intolerance, Political/Social Views",https://www.pe.com/2020/02/10/students-at-riversides-king-high-posed-in-photo-with-swastika-confederate-flag/,Internet/Social Media,2020,Staff/Admin/Board,N/A,Riverside USD,"A student was suspended for posting a ""Trump 2020"" photo with a Confederate flag and swastika on social media.",CA,1,0,0,0,0,0
Event/Other Expression: Student punished for Intolerance,Intolerance,N/A,Event/Other Expression,2020,Staff/Admin/Board,N/A,School District 49,"Student suspended for ""homosexuality is a mental disability"" sign presented to LGBTQ kids. The student wants to stage protest outside school with people wearing shirts with that slogan.",CO,0,0,0,0,0,0
Clothing/Appearance: Student censored for Political/Social Views,Political/Social Views,https://abcnews.go.com/US/wisconsin-schools-ban-shirts-depicting-guns-prompts-federal/story?id=3D69175774,Clothing/Appearance,2020,Staff/Admin/Board,N/A,Kettle Moraine School District,The parents of two high school students sued the school after their sons were told by school administration that they could not wear clothing bearing images of guns as it's a violation of the dress code.,WI,1,0,0,0,0,0
Clothing/Appearance: Clothing banned for obstensibly endorsing the use of Drugs/Alcohol,Drugs/Alcohol,N/A,Clothing/Appearance,2020,Staff/Admin/Board,N/A,San Rafael City HS Dist,"A high school banned a clothing brand called cookies because of its ties to the marijuana industry. The clothing does not depict any type of drug use and is simply a logo saying ""Cookies,"" which is also a brand name of a chain of marijuana dispensaries.",CA,1,0,0,0,0,0
Event/Other Expression: Student censored for LGBTQ content,LGBTQ,https://ncac.org/news/michigan-teacher-denies-student-request-to-write-about-same-sex-marriage,Event/Other Expression,2020,Staff/Admin/Board,N/A,Montrose Comm Schools,A student was not allowed to write a paper on same sex marriage.,MI,1,0,0,0,0,0
Internet/Social Media Censorship for LGBTQ content,LGBTQ,N/A,Internet/Social Media,2020,Staff/Admin/Board,N/A,Buncombe County Schools,School internet blocked websites related to LGBTQ content under the label of Alternate Lifestyle. Sites such as gaytimes.co.uk and lambda.org were completely blocked.,NC,0,0,0,0,0,0
Event/Other Expression: Student censored for Criticism of School,Criticism of School,N/A,Event/Other Expression,2020,Staff/Admin/Board,N/A,"Central Community School of Elkader, Iowa",Student was blocked from commenting on their school's Facebook page.,IA,0,0,0,0,0,0
Internet/Social Media: School internet blocks sites related to Religion,Religion,N/A,Internet/Social Media,2020,Staff/Admin/Board,N/A,Monroe County Sch Dist,"A public school censored internet access, including the websites of the Vatican, Jewish learning sites, sites about Islam, Red State, Refuse Fascism, and Reason.",FL,1,0,0,0,0,0
Book Challenge: Various challenged for Sex and Profanity,"Sex, Profanity",https://ncac.org/news/alaska-banned-books,Book Challenge,2020,Staff/Admin/Board,Various,Matanuska-Susitna Borough School Dist,"A district removed five ""controversial"" books from 11th grade English reading list",AK,1,0,0,0,0,0
Internet/Social Media: Student punished for Intolerance,Intolerance,https://www.ajc.com/news/local-education/decatur-schools-leader-issues-strong-rebuke-latest-racist-video/FlGAWiRsfKUyuu1njAROQJ/,Internet/Social Media,2020,Staff/Admin/Board,N/A,Decatur Public Schools,A school investigated after a student posted a racist video online.,GA,1,0,0,0,0,0
Internet/Social Media: Student punished for Intolerance,Intolerance,N/A,Internet/Social Media,2020,Staff/Admin/Board,N/A,Redondo Beach USD,A student who used the N-word on social media was threatened with expulsion,CA,1,0,0,0,0,0
Event/Other Expression: Student censored for Political/Social Views,Political/Social Views,https://newschannel9.com/news/local/central-high-schools-2020-valedictorian-believes-speech-was-intentionally-cut-short,Event/Other Expression,2020,Staff/Admin/Board,N/A,Hamilton County Schools,"A valedictorian's speech was cut short just before she said ""no justice, no peace."" The district claims it was inadvertent.",TN,1,0,0,0,0,0
Internet/Social Media: Students punished for  Political/Social Views and Intolerance,"Intolerance, Political/Social Views",https://www.ajc.com/news/high-school-cheerleaders-in-hot-water-after-posing-with-confederate-flag/E4JVA4NYRFGKZJALTPNYZTDRCA/,Internet/Social Media,2020,Staff/Admin/Board,N/A,Baldwin County Public Schools,"After six members of a high school cheer team were seen in a photo on social media posing with an image of the Confederate flag, attempts were made to have the school administration punish the teens.",AL,1,0,0,0,0,0
Event/Other Expression: Student punished for Criticism of School ,Criticism of School,https://www.ajc.com/education/paulding-family-pushes-back-on-school-suspension-over-crowded-hall-photo/2XTUNBDA2NDF7I2RHFLXR2MR4M/,Event/Other Expression,2020,Staff/Admin/Board,N/A,Paulding County School District,"A high school sophomore was suspended for posting a photo she took of the virtually maskless, crowded halls of her high school, during the height of COVID. The suspension was lifted after the photo went viral, leading to criticism and support from free speech groups.",GA,1,0,0,0,0,0
Book Challenge: Something Happened in Our Town: A Child's Story About Racial Injustice challenged for Anti-Police content,Anti-Police,N/A,Book Challenge,2020,Staff/Admin/Board,Race,Roseville City School Dist,Teachers were informed that they are not allowed to read or talk about the book Something Happened in Our Town,CA,0,0,1,0,0,0
Book Challenge: Fun Home challenged for Sex,Sex,https://ncac.org/news/fun-home-nevada,Book Challenge,2020,Parent(s),LGBTQ,Clark County School Dist,"A parents association challenged the use of the book Fun Home by Alison Bechdel, in a 10th grade Honors English class, because of alleged sexual violence, drug use, and anti-religious sentiments. The group has already held a press conference with local law makers stating the teacher is ""flouting"" the law regarding distribution of obscene material to children.",NV,1,0,0,0,0,0
Book Challenge: The Adventures of Huckleberry Finn and others challenged for Intolerance,Intolerance,https://ncac.org/news/california-book-challenge-2020,Book Challenge,2020,Parent(s),Other,Burbank Unified School Dist,"District removed several novels in its curriculum that include racial slurs, including To Kill A Mockingbird, The Adventures of Huckleberry Finn, The Cay, and Roll of Thunder, Hear My Cry.",CA,0,0,0,0,1,0
Clothing/Appearance: Student censored for Sex,Sex,https://www.fox35orlando.com/news/5th-grader-told-to-remove-hooters-face-mask-in-class,Clothing/Appearance,2020,Staff/Admin/Board,N/A,Orange County Public Schools,"A fifth-grade student was told during his gym class that he could not wear his Hooter's face mask in class because it was ""deemed offensive"".",FL,0,0,1,0,0,0
Book Challenge: Ghost Boys challenged for Anti-Police content,Anti-Police,https://ncac.org/news/california-school-district-removes-ghost-boys-over-political-viewpoints,Book Challenge,2020,Parent(s),Race,Kingsburg Elementary School Dist,"A challenge ws filed to the use of Ghost Boys in a 5th Grade class, because it is ostensibly anti-police.",CA,0,0,1,0,0,0
Event/Other Expression: Student censored for Political/Social Views,Political/Social Views,https://www.abc10.com/article/news/local/california/teacher-threatens-to-kick-student-out-of-virtual-class-over-trump-2020-flag/103-eaa95ad4-843d-4405-80fc-21bdc66afd66,Event/Other Expression,2020,Staff/Admin/Board,N/A,Colusa Unified School District,"A teacher threatened to remove a 16-year-old student from his virtual class if he didn't remove a flag reading ""Trump 2020"", from his background.",CA,1,0,0,0,0,0
Book Challenge: All American Boys challenged for Sex and Anti-Police content,"Sex, Anti-Police",https://www.marshall.edu/library/bannedbooks/all-american-boys/,Book Challenge,2020,Parent(s),Race,Somerset Cty Public Schools,Parents challenged All American Boys. District policy requires book to be removed pending outcome of formal complaint. We wrote to the district to suggest reforms to their challenge policies,MD,1,0,0,0,0,0
Book Challenge: The Absolutely True Diary of a Part-Time Indian challenged for Sex,Sex,https://www.authorsguild.org/wp-content/uploads/2021/03/Cicero_Letter.pdf,Book Challenge,2020,Parent(s),Other,Cicero Public School Dist 99,"Parent challenged Absolutely True Diary of a Part Time Indian. Teachers were told to stop teaching it. District memo says that the book has been pulled, pending investigation.",IL,0,0,0,1,0,0
Clothing/Appearance: Student was punished for Intolerance,Intolerance,https://www.wnem.com/news/midland-public-schools-investigating-student-using-racially-charged-hand-gesture/article_35334154-fdfe-11ea-9ab2-6f561e59881e.html,Clothing/Appearance,2020,Staff/Admin/Board,N/A,Midland Independent School Dist,"In response to the Superintendent sending out a school community-wide email that the OK hand symbol was racist and not allowed, a student wore a t-shirt with the image of President Obama giving the OK hand sign. The student was suspended.",MI,1,0,0,0,0,0
Clothing/Appearance: Student censored for Religion,Religion,https://www.wlbt.com/2020/11/04/lawsuit-filed-after-school-bans-girls-jesus-loves-me-mask/,Clothing/Appearance,2020,Staff/Admin/Board,N/A,Simpson County School District,"A third-grade student was forced to remove her mask with the saying ""Jesus loves me"" because school policy states that masks cannot display political, religious, sexual or any inappropriate symbols, gestures or statements that may be offensive, disruptive or deemed distractive to the school environment.",MS,0,0,1,0,0,0
Book Challenge: Scholastic News challenged for Political/Social Views,Political/Social Views,N/A,Book Challenge,2020,Parent(s),Other,Rising Sun-Ohio County Schools,A school district cancelled its subscription to Scholastic News Journal after a parent complained that an editorial was biased against President Trump.,IN,0,0,0,0,1,0
"Book Challenge: Stamped: Racism, Antiracism, and You challenged for Political/Social Views",Political/Social Views,https://www.statesman.com/story/news/local/round-rock/2021/02/09/round-rock-school-district-allows-teachers-continue-using-book-stamped-racism-antiracism-and-you-cla/4457960001/,Book Challenge,2020,Parent(s),Race,Round Rock Independent School Dist,Parent challenged Stamped by Jason Reynolds in 8th grade ELA. Committee voted unanimously to keep the book before we could take action.,TX,0,0,0,1,0,0
Book Challenge: History of US challenged for Intolerance,Intolerance,N/A,Book Challenge,2020,Parent(s),Other,Kent School Dist,"The textbook, A History of US, was removed after allegations that it was racist.",WA,0,0,1,0,0,0
Book Challenge: Slaughterhouse Five challenged for Sex and Profanity,"Sex, Profanity",https://ncac.org/news/arizona-school-considers-removing-slaughterhouse-five-from-classrooms,Book Challenge,2020,Parent(s),Other,Vail School Dist,A challenge was filed to the use of Slaugherhouse Five in AP English class,AZ,1,0,0,0,0,0
Book Challenge: Various books challenged for Intolerance,Intolerance,https://www.nytimes.com/2021/10/02/us/york-pennsylvania-school-books.html,Book Challenge,2020,Parent(s),Other,Central York School District,"The entire list of books, documentary films, and articles compiled in August 2020 by the Central York School District's diversity committee was removed that November by the district's school board, pending a review. In the fall of 2021, after a principal reminded teachers not to use the books, students campaigned for the books to be restored. ON September 20, 2021, the school board temporarily reversed their initial decision as the materials on the list undergo a review.",PA,0,0,0,0,1,0
Book Challenge: Various challenged for LGBTQ content,LGBTQ,https://ncac.org/news/louisiana-library-removes-lgbtq-childrens-books-from-shelves,Book Challenge,2020,Parent(s),LGBTQ,Lincoln Parish Library,LGBTQ books were moved from the children's section of public library.,LA,0,1,0,0,0,0
Book Challenge: Of Mice and Men and Montana 1948 challenged for Intolerance,Intolerance,https://www.mprnews.org/story/2020/12/24/minnesota-high-school-bans-steinbeck-watson-novellas,Book Challenge,2020,Other,Other,West St. Paul-Mendota Heights-Eagan Area Schools (SD 197),Of Mice and Men (racist language) and Montana 1948 (depictions of Native Americans) were removed from high school. A district spokeswoman said the book complaints have highlighted a need for the district to develop a policy for reconsidering instructional materials. We sent our challenge procedure guidelines,MN,1,0,0,0,0,0
Clothing/Appearance: Student censored for Political/Social Views and Intolerance,"Intolerance, Political/Social Views",https://www.ksdk.com/article/news/local/oakville-high-school-confederate-flag-mask/63-2e06929f-3497-4d55-9e21-8bf4662b68d2,Clothing/Appearance,2021,Staff/Admin/Board,N/A,Mehlville School District,A high school student was barred from wearing a mask depicting the Confederate flag to school.,MO,1,0,0,0,0,0
Book Challenge: Persepolis challenged for Sex and Violence,"Sex, Violence",https://patch.com/new-york/commack/commack-educator-sues-district-board-ed-80m-reports,Book Challenge,2021,Parent(s),Other,Half Hollow Hills Central School Dist,The graphic novel Persepolis was removed from 9th grade classrooms. A group of parents complained about the book and started a change.org petition against the book.,NY,1,0,0,0,0,0
Art/Display: Student art was removed for Political/Social views,Political/Social Views,https://www.12newsnow.com/article/news/local/black-history/students-speak-out-after-district-removes-fists-on-black-history-month-mural/502-d1d2aa79-0028-4065-9ae5-a3de59dca7c6,Art/Display,2021,Staff/Admin/Board,N/A,Beaumont Independent School District,"School administrators removed the part of a student-created Black History Month mural at a middle school which depicted raised fists - which is both the symbol for Black Lives Matter and the universal symbol for solidarity. The district stated that the removed art was ""perceived as politically controversial"" and ""unrelated to the educational purpose of Black History Month"".",TX,0,0,0,1,0,0
Press/Yearbook: Students censored for LGBTQ content,LGBTQ,https://www.arkansasonline.com/news/2021/feb/11/rogers-yearbook-students-push-for-publication-of/,Press/Yearbook,2021,Staff/Admin/Board,N/A,Rogers Public Schools,"A high school principal told the yearbook that a 2-page spread ""Loud & Proud"", which chronicles LGBTQ+ students' experiences, could not be included in the yearbook, despite the fact that the Arkansas Student Publications Act gives student journalists added protection against administrative censorship.",AR,1,0,0,0,0,0
Event/Other Expression: Student punished for LGBTQ content,LGBTQ,https://www.lgbtqnation.com/2021/07/aclu-steps-two-school-employees-punished-student-saying-im-lesbian/,Event/Other Expression,2021,Staff/Admin/Board,N/A,North Lyon County,"A girl was banned from school bus for saying ""I'm a lesbian"".",KS,0,0,0,1,0,0
Press/Yearbook: Student censored for LGBTQ content,LGBTQ,https://www.lgbtqnation.com/2021/03/court-sides-school-censored-4th-graders-pro-transgender-essay/,Press/Yearbook,2021,Staff/Admin/Board,N/A,Spartanburg Country School District Six,"After an elementary school principal rejected a fourth-grade student's essay on transgender equality from appearing in a school publication, the parents of the child sued the school. The court ruled in favor of the school because given the grounds for the removal, i.e., that it was ""not age appropriate,"" rendered the removal permissible under the Supreme Court's Hazelwood decision, which permits censorship of student speech in school-sponsored publication if the decision is based on legitimate pedagogical concerns.",SC,0,0,1,0,0,0
"Book Challenge: Various books challenged for Sex, Violence and Dark Themes","Sex, Violence, Dark Themes",https://ncac.org/news/leander-texas-lgbtq-books-removed,Book Challenge,2021,Parent(s),N/A,Leander Independent School Dist l,"A school district reviewed a list of 120 books on a diverse titles list used for independent reading by students. Several books were ultimately removed after a lengthy review by committees of stakeholders, but the vast majority were retained.",TX,1,0,0,0,0,0
Book Challenge: Call Me Max challenged for LGBTQ content,LGBTQ,https://ncac.org/news/eanes-texas-call-me-max-trans-ban,Book Challenge,2021,Parent(s),LGBTQ,Eanes Independent School Dist,"A teacher distributed a list of reading resources, one of which was re a transgender child. After protests, the district told the teacher not to use the book, Call Me Max.",TX,0,0,1,0,0,0
Book Challenge: The Poet X challenged for Sex,Sex,https://www.dailywire.com/news/ohio-public-school-encourages-ninth-graders-to-read-graphic-sex-poetry,Book Challenge,2021,Parent(s),LGBTQ,Hilliard City Schools,"A challenge was filed to The Poet X for classroom use. We sent challenge procedure guidelines, because the district's policies are inadequate",OH,1,0,0,0,0,0
Event/Other Expression: Student punished for Criticism of School ,Criticism of School,N/A,Event/Other Expression,2021,Staff/Admin/Board,N/A,Valley SD No 262,A student was disciplined for circulating a survey re COVID rules at school.,ID,0,0,0,1,0,0
Event/Other Expression: Students censored for Protest,Protest,https://ncac.org/news/student-protest-ban-nebraska,Event/Other Expression,2021,Staff/Admin/Board,N/A,South Sioux City Community Schools,South Sioux City Community Schools banned all student protest.,NE,0,0,0,0,1,0
Book Challenge: Ghost Boys challenged for Anti-Police content,Anti-Police,https://ncac.org/news/ghost-boys-florida-remove,Book Challenge,2021,Parent(s),Race,Broward County Public Schools,Ghost Boys was removed from classroom use because it is ostensibly anti-police.,FL,0,0,1,0,0,0
Clothing/Appearance: Students punished for Political/Social Views,Political/Social Views,https://ncac.org/news/oklahoma-black-lives-matter,Clothing/Appearance,2021,Staff/Admin/Board,N/A,Ardmore City Schools,"Two elementary school students, aged 8 and 5, were removed from their classrooms for wearing T-shirts which read ""Black Lives Matter"". The district claimed that the shirts created the risk of ""a disturbance in the school.""",OK,0,0,1,0,0,0
Internet/Social Media: Student punished for Intolerance,Intolerance,https://www.nbcconnecticut.com/news/local/fairfield-teen-arrested-after-being-accused-of-racist-social-media-post-police/2487617/,Internet/Social Media,2021,Staff/Admin/Board,N/A,Fairfield Public Schools,A Fairfield Warde High School student was arrested after posting a picture on social media which contained a racial slur aimed at a black classmate who was also in the photo.,CT,1,0,0,0,0,0
Event/Other Expression: Students punished for Intolerance,Intolerance,https://reason.com/volokh/2021/05/27/censor-of-anti-china-speech-among-us/,Event/Other Expression,2021,Staff/Admin/Board,N/A,Glenbrook High School District 225,"A high school chapter of Turning Point USA was disbanded after it displayed a poster saying, ""China kinda sus [i.e., suspect or questionable],"" had been approved by school administration. This led to accusations of racism from students and local politicians.",IL,1,0,0,0,0,0
Book Challenge: One Of A Kind Like Me/nico Como Yo challenged for LGBTQ content,LGBTQ,https://ncac.org/news/north-carolina-ban-book-gender-identity,Book Challenge,2021,Parent(s),LGBTQ,Columbus County Schools,"After local university students performed the book One of a Kind, Like Me for elementary school students via video, some parents complained to district officials. In response, the district superintendent apologized for not ensuring that the book was vetted before being performed, and a school board member was quoted as saying that the district does not consider matters of =E2=80=9Cgender identity politics=E2=80=9D to be appropriate for the district's elementary school classrooms. The book tells the story of a boy who decides to dress as a princess for a school costume parade.",NC,0,0,1,0,0,0
Event/Other Expression: Student censored for LGBTQ content,LGBTQ,https://www.idahopress/Yearbook.com/townnews/school/kuna-parents-upset-at-how-school-district-handled-incident-involving-pride-flag/article_7d534328-a1ed-5450-ae3d-e175d281b4ba.html,Event/Other Expression,2021,Staff/Admin/Board,N/A,Kuna School District,A teacher took away a middle school student's Pride flag during a class picture.,ID,0,0,0,1,0,0
Clothing/Appearance: Student punished for Political/Social Views,Political/Social Views,https://www.nytimes.com/2021/06/06/us/asheboro-high-school-mexican-flag.html?auth=3Dlogin-google1tap&login=3Dgoogle1tap,Clothing/Appearance,2021,Staff/Admin/Board,N/A,Asheboro City Schools,A student's receipt of his diploma was delayed after he wore a Mexican flag over his graduation gown at his school's graduation ceremony. in violation of the ceremony's dress code.,NC,1,0,0,0,0,0
Event/Other Expression: Intolerance. A private school teacher was criticized for not disciplining students for using rap song with N-word,Intolerance,N/A,Event/Other Expression,2021,Parent(s),N/A,The Brentwood School,A teacher was criticized for not disciplining students for using rap song with N-word in CA private school.,CA,0,0,0,0,1,0
Event/Other Expression: Student censored for LGBTQ content,LGBTQ,https://www.nj.com/opinion/2021/06/nj-principal-flouted-community-standards-in-censoring-gay-grad-editorial.html,Event/Other Expression,2021,Staff/Admin/Board,N/A,Eastern Camden County Regional School District,"A high school valedictorian had his commencement speech cut off after he told the audience he came out as queer during freshman year. The student gave the speech in lieu of the speech that had been approved by the school administration, which did not mention sexual orientation.",NJ,1,0,0,0,0,0
Book Challenge: Persepolis and others challenged for Sex,Sex,N/A,Book Challenge,2021,Parent(s),Other,Wicomico County Public Schools,Monday's Not Coming By Tiffany D. Jackson. Persepolis,MD,0,1,0,0,0,0
Press/Yearbook: Students censored for Political/Social Views,Political/Social Views,https://splc.org/2021/08/censorship-alert-arkansas-high-school-cuts-pages-from-yearbook/,Press/Yearbook,2021,Staff/Admin/Board,N/A,East End School District,"School officials removed a two-page spread in the yearbook following publication. The spread outlined important world events that took place during the 2020-2021 academic year, including the 2020 election, the impact of COVID-19, the death of George Floyd, and more. The reason cited for the removal of the already-published content was that school officials were at the receiving end of =E2=80=9Ccommunity backlash=E2=80=9D over the yearbook spread.",AR,1,0,0,0,0,0
Art/Display: Student mural was removed for Political/Social views,Political/Social Views,https://ncac.org/news/brooklyn-student-mural,Art/Display,2021,Staff/Admin/Board,N/A,New York City Dept of Education,A student mural was removed from a Brooklyn elementary school after complaint that is was divisive because of elements related to Black Lives Matter,NY,1,0,0,0,0,0
Book Challenge: Lawn Boy challenged for Sex,Sex,https://bookriot.com/lawn-boy-challenge/https://cbsaustin.com/news/local/leander-police-investigating-parent-complaints-about-library-book,Book Challenge,2021,Parent(s),LGBTQ,Leander Independent School Dist l,"A challenge was filed to Lawn Boy (available in school library) because it ostensibly depicts sex between children. A parent also filed a police report, alleging that the book is child pornography or obscenity",TX,1,0,0,0,0,0
Book Challenge: 642 Things to Write About challenged for Sex and Violence,"Sex, Violence",https://ncac.org/news/lawn-boy-hudson-ohio-school-library,Book Challenge,2021,Lawmaker(s),Other,Hudson City Schools,"Book of writing prompts in a college course taught at local high school to HS students was removed due to ""inappropriate"" topics being included therein.",OH,1,0,0,0,0,0
Book Challenge: Out of Darkness challenged for Sex,Sex,https://ncac.org/news/lake-travis-texas-library-book-ban,Book Challenge,2021,Parent(s),Other,Lake Travis ISD,"Out of Darkness, by Ashley Hope P=C3=A9rez, was removed from the libraries of two middle schools after a complaint, despite district policy requiring that challenged materials remain available while challenge is pending.",TX,0,0,0,1,0,0
Book Challenge: Gender Queer and Lawn Boy challenged for Sex,Sex,https://ncac.org/news/fairfax-virginia-lawn-boy-gender-queer-library,Book Challenge,2021,Parent(s),LGBTQ,Fairfax County Public Schools,"Gender Queer, by Maia Kobabe, and Lawn Boy=E2=80=9D, by Jonathan Evison, were pulled from circulation pending adjudication of a challenge. District policy allows up to 120 work days to conclude all levels of adjudication.",VA,1,0,0,0,0,0
Book Challenge: It's Perfectly Normal challenged for Sex,Sex,https://ncac.org/news/its-perfectly-normal-cass-county-missouri-library,Book Challenge,2021,Other,Other,Cass County Public Library,Parents protested at Cass County Public Library Board of Trustees meeting regarding presence of Its Perfectly Normal by Robie Harris.,MO,0,1,0,0,0,0
Art/Display: Mural removed from high school library for Political/Social Views,Political/Social Views,https://www.press/Yearbookherald.com/2021/10/04/removal-of-york-high-school-students-anti-racism-art-triggers-walkout/,Art/Display,2021,Parent(s),N/A,York School Dept,"High school students staged a schoolwide walkout to protest the removal of Claudia Corcoran's artwork from the library. The two-panel anti-racism painting was removed after the school received complaints from students, parents, and faculty.",ME,1,0,0,0,0,0
Book Challenge: New Kid and its sequel Class Act challenged for Political/Social Views and Intolerance,"Intolerance, Political/Social Views",https://ncac.org/news/katy-texas-jerry-craft-library,Book Challenge,2021,Parent(s),Other,Katy ISD,School district removed library books by Jerry Kraft pending adjudication of parent complaint they are pro-CRT.,TX,0,0,1,0,0,0
Book Challenge: Our Skin: A First Conversation About Race challenged for Political/Social Views,Political/Social Views,https://www.tapinto.net/towns/westfield/sections/education/articles/westfield-school-board-oks-decision-for-children-s-book-about-race-racism,Book Challenge,2021,Parent(s),Race,Westfield Public Schools,"The Westfield Board of Education accepted the recommendation of an internal committee tasked with deciding on a parent's formal complaint about the use of the book, =E2=80=9COur Skin",NJ,0,0,1,0,0,0
Book Challenge: The Breakaways challenged for LGBTQ,LGBTQ,http://www.multiversitycomics.com/news/breakaways-ban/,Book Challenge,2021,Parent(s),LGBTQ,Spring Branch ISD,The Breakaways was removed from elementary school libraries after a district committee upheld a challenge.,TX,0,0,1,0,0,0
"Book Challenge: Various books challenged for Sex, and Political/Social Views","Sex, LGBTQ",https://ncac.org/news/virginia-beach-toni-morrison-lawn-boy-banned,Book Challenge,2021,Staff/Admin/Board,LGBTQ,Virginia Beach City School District,"School district removed library books pending adjudication of a Board member complaint. The books included A Lesson Before Dying by Ernest Gaines, The Bluest Eye by Toni Morrison, and Lawn Boy by Jonathan Evison.",VA,0,1,0,0,0,0
Book Challenge: Aristotle and Dante Discover the Secrets of the Universe challenged for Profanity and Drug/Alcohol use,"Profanity, Violence",N/A,Book Challenge,2021,Parent(s),Other,Bayfield School District,"Aristotle and Dante Discover the Secrets of the Universe was removed from a classroom library. Its use falls under school's controversial issues policy, which requires controversial materials which have not been officially adopted to be approved by the principal.",CO,0,0,0,1,0,0
Book Challenge: The Poet X challenged for Sex,Sex,http://nkccnews.com/local-news/2021/10/12/inappropriate-book-pulled-from-new-kent-middle-school-library-circulation/?utm_source=3Dpocket_mylist,Book Challenge,2021,Parent(s),LGBTQ,New Kent County Public Schools,"The superintendent pulled The Poet X from the New Kent Middle School library after a parent complained that it contained inappropriate content. The district's challenge polices are very minimal, so we contacted the district to suggest improvements",VA,0,0,0,1,0,0
Book Challenge: Fun Home challenged for Sex,Sex,https://ncac.org/news/new-jersey-school-district-omits-librarians-from-review-of-several-lgbtq-library-books,Book Challenge,2021,Parent(s),LGBTQ,North Hunterdon-Voorhees Regional High School District,"A challenge committee reviewed Alison Bechdel's Fun Home, Jonathan Evison's Lawn Boy, Gender Queer by Maia Kobabe, and This Book is Gay by Juno Dawson. The review committee began meeting, despite the fact that no librarian has been appointed to the committee, in contravention of Board regulations.",NJ,1,0,0,0,0,0
Book Challenge: Ghost Boys challenged for Anti-Police content,Anti-Police,https://www.tapinto.net/towns/sparta/sections/education/articles/sparta-board-of-education-books-controversy-5d83e4c2-0786-4f67-96f2-c02d599a70ab,Book Challenge,2021,Parent(s),Race,Sparta Township Public Schools,"Ghost Boys was paused as a recommended reading based on the complaints of a few parents, until the district develops a policy regarding adopting supplementary materials. We sent advice and challenge guidelines.",NJ,0,0,0,0,1,0
Book Challenge: Gender Queer challenged for Sex,Sex,https://www.kitsapsun.com/story/news/2021/11/04/ck-school-board-considers-policy-review-after-graphic-novel-removal/6282767001/,Book Challenge,2021,Parent(s),LGBTQ,Central Kitsap School District 401,Gender Queer was removed from high school libraries after a review committee recommended removal.,WA,1,0,0,0,0,0
Book Challenge: Gender Queer challenged for Sex,Sex,https://www.abc6.com/mother-calls-for-action-over-controversial-lgbtq-book/?fbclid=3DIwAR2xzWCld2-wrXD8beN2eihGDQW4nq0qjDU7e6SxWVnYz8bUpZuLk1li1N0,Book Challenge,2021,Parent(s),LGBTQ,North Kingston School Department,"One parent challenged Gender Queer at a board meeting, and another parent filed a police report in connection to the book, alleging it was pornography in school.",RI,1,0,0,0,0,0
Book Challenge: Various books challenged for Sex,Sex,https://www.tapinto.net/towns/wayne/sections/education/articles/controversial-books-at-the-center-of-chaos-at-wayne-school-board-meeting,Book Challenge,2021,Parent(s),LGBTQ,Wayne Township Public Schools,Gender Queer and All American Boys have been challenged. The Supt informed us that the District is following policy.,NJ,1,0,0,0,0,0
Book Challenge: Various books challenged for Sex and Dark Themes,"Sex, Dark Themes",https://callnewspapers.com/several-books-in-lindbergh-high-school-library-under-fire-by-parents/?utm_source=3Dpocket_mylist,Book Challenge,2021,Parent(s),Various,Lindbergh Schools,"The Lindbergh Board of Education received an official challenge of 15 books carried in the Lindbergh High School library. The books were mostly chosen for mentions of sex and suicide. The challenge was the focus of most public comment at the board's Oct. 21 meeting, with some citizens in support and opposition of a possible ban.",MO,1,0,0,0,0,0
Book Challenge: Milk and Honey challenged for Sex,Sex,https://www.oregonlive.com/opinion/2021/10/opinion-a-social-media-uproar-a-book-challenge-in-roseburg.html,Book Challenge,2021,Parent(s),N/A,Roseburg Public Schools,"Roseburg High School currently faces a challenge to a  book of poetry. =E2=80=9CMilk and Honey=E2=80=9D is by Rupi Kaur, an Indian-Canadian author and social media activist. The book deals with surviving sexual assault as well as empowerment, consent and female sexuality. No student is required to read the book, but for now they can choose to check it out from the library.",OR,1,0,0,0,0,0
Book Challenge: The Absolutely True Story of a Part-time Indian challenged for Sex,Sex,https://wisconsinexaminer.com/2021/11/02/mequon-thiensville-school-board-recall-fails/,Book Challenge,2021,Parent(s),Other,Mequon-Thiensville School District,"A challenge was filed to the use of The Absolutely True Story of a Part-time Indian in a 9th grade English class. Four members of the school board in the district were facing a recall election at thte time. The recall effort has consistently used excerpts from the book in social media, campaign text messages and paid ads to ""illustrate"" that the district under the current board doing a disservice to students by teaching this book.",WI,1,0,0,0,0,0
Book Challenge: Various books challenged for Sex,Sex,https://www.axios.com/local/des-moines/2021/10/27/waukee-school-district-lgbtq-books-removed,Book Challenge,2021,Parent(s),LGBTQ,Waukee Community School Dist,"Three LGBTQ books (All Boys Aren't Blue, Lawn Boy, and Gender Queer) were removed from a high school library lafter a challenge was filed, despite a district policy which says that ""Instructional materials shall not be removed or withdrawn from use during the pendency of the review process except upon three-fourths vote of the entire membership of the review committee and approval of the building principal, who shall state compelling reasons in writing for such action.""",IA,1,0,0,0,0,0
Book Challenge: Fun Home challenged for Sex,Sex,https://www.clickondetroit.com/news/local/2021/10/27/committee-to-review-graphic-novel-in-troy-athens-high-school-library-after-parent-complains/,Book Challenge,2021,Parent(s),LGBTQ,Troy School District,The graphic memoir Fun Home,MI,1,0,0,0,0,0
Book Challenge: Gender Queer challenged for Sex,Sex,https://ncac.org/news/wissahickon-gender-queer-censored,Book Challenge,2021,Parent(s),LGBTQ,Wissahickon School District,Gender Queer was removed from a district library without following the district's challenge procedure.,PA,1,0,0,0,0,0
Book Challenge: Various books challenged for Political/Social Views,Political/Social Views,https://www.alaskapublic.org/2021/10/28/kenai-peninsula-teachers-allege-censorship-of-books-with-lgbtq-themes/,Book Challenge,2021,Staff/Admin/Board,Race,Kenai Peninsula Borough School District,"After a warehouse worker saw a book she thought was regarding Critical Race Theory, and since the Supt had said there is no CRT in the district, the worker reported it up the chain of command. An Assistant Supt ordered the books removed from libraries, despite no challenge being filed and challenge procedures saying they must stay on the shelves. Eventually, a librarian protested, and the books were returned.",AK,1,0,0,0,0,0
Book Challenge: Fun Home and All Boys Aren't Blue challenged for Sex,Sex,https://ncac.org/news/books-censored-kansas-city-school-libraries,Book Challenge,2021,Parent(s),LGBTQ,North Kansas City Schools,"Fun Home by Alison Bechdel and All Boys Aren't Blue by George M. Johnson were removed pending review, in contravention of district regulations.",MO,1,0,0,0,0,0
Book Challenge: Various challenged for Sex and Violence,"Sex, Violence",https://ncac.org/news/canyons-utah-censor-school-library-books,Book Challenge,2021,Parent(s),Various,Canyons School Dist,"A district removed Beyond Magenta, Monday's Not Coming, Out of Darkness, The Bluest Eye,  and Opposite of Innocent pending review, despite board policy requiring books to be retained pending the outcome of challenges.",UT,1,0,0,0,0,0
Event/Other Expression: Student play (She Kills Monsters) canceled for Intolerance and Violence,"Intolerance, Violence",N/A,Event/Other Expression,2021,Staff/Admin/Board,N/A,Hillsboro City Schools,"A production of Qui Nguyen's play, She Kills Monsters, was cancelled due to the play's use of =E2=80=9Cinappropriate language, profanity, homophobic slurs, sexual innuendos and graphic violence.=E2=80=9D However, the script being used was the =E2=80=9CYoung Adventurers Version,=E2=80=9D which is a gentler version prepared by the author for children above age 11.",OH,0,0,0,0,0,0
Book Challenge: Gender Queer challenged for Sex,Sex,https://ncac.org/news/orlando-florida-school-district-ignores-procedures-in-removing-gender-queer-from-libraries,Book Challenge,2021,Parent(s),LGBTQ,Orange County Public Schools,Gender Queer was removed from a library without following District's challenge procedure.,FL,1,0,0,0,0,0
Book Challenge: Gender Queer challenged for Sex,Sex,https://ncac.org/news/floridas-brevard-county-public-schools-remove-gender-queer-from-library-shelves-without-review,Book Challenge,2021,Parent(s),LGBTQ,Brevard Public Schools,Gender Queer was removed from a school library without following the District's challenge procedure.,FL,1,0,0,0,0,0
"Book Challenge: Various books challenged for Sex, Political/Social Views, and Profanity","Sex, Profanity",https://www.kake.com/story/45164775/goddard-school-district-reverses-decision-to-pull-29-books-out-of-circulation,Book Challenge,2021,Staff/Admin/Board,Various,Goddard USD 265,"A school district removed more than two dozen books from circulation in the district's school libraries, citing national attention and challenges to the books elsewhere. After an outcry, the District reversed its decision.",KS,0,0,0,0,1,0
Book Challenge: 33 Snowfish challenged for Sex,Sex,https://ncac.org/news/spotsylvania-order-books-library,Book Challenge,2021,Parent(s),Various,Spotsylvania County Public Schools,"The Spotsylvania County School Board directed staff to begin removing books that contain =E2=80=9Csexually explicit=E2=80=9D material from library shelves and report on the number of books that have been removed at a special called meeting next week. After the Board's attorney opined that the order was unconstitutional, and many parents objected to the order, the order was rescinded.",VA,0,0,0,0,1,0
Art/Display: Student poster removed for Anti-Police content,Anti-Police,https://patch.com/new-jersey/hillsborough/controversary-stirs-over-censorship-hillsborough-students-art,Art/Display,2021,Staff/Admin/Board,N/A,Hillsborough Township Public Schools,"A poster created by a student was removed from an African American display at Hillsborough Middle School at the direction of a member of the board of education, because it was ostensibly anti-police.",NJ,0,0,0,1,0,0
Book Challenge: Various books challenged for Sex,Sex,https://governor.sc.gov/news/2021-11/gov-henry-mcmaster-requests-investigation-obscene-materials-public-school-libraries?fbclid=3DIwAR3WLmzHoMwBM0nWDQlKuD1L_eV3UtG_iqcpW7BboSzH9upbI-4qF18gVho,Book Challenge,2021,Government Official,LGBTQ,Governor of South Carolina,South Carolina Governor Henry McMaster requested that the state's Superintendent of Education begin a comprehensive investigation into the presence of obscene and pornographic materials in public schools in South Carolina.  The request was sparked by a challenge to Gender Queer in a local school district,SC,0,0,0,0,1,0
Book Challenge: Various books challenged for Profanity and Sex,"Sex, Profanity",https://news.yahoo.com/urbandale-book-committee-recommends-keeping-215545748.html?utm_source=3Dpocket_mylist,Book Challenge,2021,Parent(s),LGBTQ,Urbandale Community School District,"A parent challenged All Boys Aren't Blue by George Johnson, Gender Queer by Maia Kabobe, Lawn Boy by Jonathan Evison, The Absolutely True Diary of a Part-Time Indian by Sherman Alexie and Hey, Kiddo by Jarrett Krosoczka. A committee recommended that all of the books be retained.",IA,1,0,0,0,0,0
Book Challenge: All Boys Aren't Blue challenged for Sex,Sex,https://www.rawstory.com/banned-books-in-florida/?fbclid=3DIwAR32xOB6cenam_IINiM86PSuAAebGgnyoggINs-SMwaPuRY1-7KMaBVoNco,Book Challenge,2021,Parent(s),LGBTQ,Flagler County Schools,"A member of the Flagler County, Florida school board filed a criminal complaint over four copies of All Boys Aren't Blue, an LGBTQ book recommended for 14 to 18 year olds, claiming it violates the state's obscenity laws.",FL,1,0,0,0,0,0
Book Challenge: Gender Queer challenged for Sex,Sex,https://ncac.org/news/superintendent-in-harrisonburg-virginia-unilaterally-removed-lgbtq-book-from-school-libraries,Book Challenge,2021,Parent(s),LGBTQ,Harrisonburg City Schools,Gender Queer is going through the District's challenge procedure after a formal complaint was filed,VA,1,0,0,0,0,0
Book Challenge: Gender Queer challenged for Sex,Sex,https://kfoxtv.com/news/local/canutillo-isd-removes-controversial-gender-queer-book-out-of-circulation,Book Challenge,2021,Parent(s),LGBTQ,Canutillo ISD,Gender Queer was removed from circulation pending the outcome of a challenge.,TX,1,0,0,0,0,0
Book Challenge: Various books challenged for Sex,Sex,https://scotteblog.com/2021/11/18/parents-file-criminal-police-reports-against-hcpss-and-howard-county-board-of-education-regarding-sexually-explicit-materials-in-public-schools/,Book Challenge,2021,Parent(s),Various,Howard County Public School System,"Parents in Howard County, MD, filed criminal complaints alleging that obscene works are present in the county's schools.",SC,0,0,0,0,1,0
Book Challenge: Gender Queer challenged for Sex,Sex,https://ncac.org/news/downers-grove-illinois-book-challenge-proud-boys,Book Challenge,2021,Parent(s),LGBTQ,Community High School District 99,"Two formal complaints were filed to Gender Queer, leading to large-scale lobbying at school board meeting by adherents on both sides. We offered assistance in reforming district challenge procedures, which were minimal.",IL,1,0,0,0,0,0
Book Challenge: Gender Queer challenged for Sex,Sex,https://ncac.org/news/keller-texas-school-book-censorship,Book Challenge,2021,Staff/Admin/Board,LGBTQ,Keller ISD,"A school district removed several books from district libraries without submitting those books to the District's book challenge procedures, and despite the fact that District policy expressly states that =E2=80=9Caccess to a challenged resource shall not be restricted during the reconsideration process=E2=80=9D",TX,0,0,0,0,1,0
Book Challenge: Gender Queer challenged for Sex,Sex,https://ncac.org/news/pinellas-florida-gender-queer-book-ban,Book Challenge,2021,Staff/Admin/Board,LGBTQ,Pinellas County Schools,"Gender Queer was removed from a library w/o following procedure because it was district leadership who challenged the book,and the district claims that its challenge procedure does not apply to challenges brought by administrators.",FL,0,0,0,0,1,0
Book Challenge: The Bluest Eye and  Lawn Boy challenged for Sex,Sex,https://news.stlpublicradio.org/education/2021-11-18/schools-across-st-louis-face-more-attempts-to-remove-books-from-library-shelves,Book Challenge,2021,Parent(s),Race,Wentzville School Dist,"The Wentzville School District temporarily removed =E2=80=9CThe Bluest Eye=E2=80=9D by Toni Morrison and =E2=80=9CLawn Boy=E2=80=9D by Jonathan Evison, pending the outcome of challenges.",MO,0,0,0,0,1,0
Book Challenge: Gender Queer and Where I End And You Begin challenged for Sex,Sex,https://news.stlpublicradio.org/education/2021-11-18/schools-across-st-louis-face-more-attempts-to-remove-books-from-library-shelves,Book Challenge,2021,Parent(s),LGBTQ,Rockwood School District,The Rockwood School District conducted formal challenges to remove both =E2=80=9CGender Queer=E2=80=9D by Maia Kobabe and =E2=80=9CWhere I End And You Begin=E2=80=9D by Preston Norton.,MO,0,0,0,0,1,0
Book Challenge: Various books challenged for Sex,Sex,https://fox2now.com/news/missouri/these-are-the-books-being-challenged-at-some-st-louis-area-school-districts/,Book Challenge,2021,Parent(s),N/A,Francis Howell School Dist,Five books were challenged at Francis Howell School District,MO,0,0,0,0,1,0
Book Challenge: It's Perfectly Normal challenged for Sex,Sex,https://www.newscentermaine.com/article/news/education/york-school-committee-to-vote-on-banning-a-book-about-puberty-sex-education/97-5be76c51-a2bf-48b1-9e87-a85c04e12b7b,Book Challenge,2021,Parent(s),N/A,York School Dept,A formal request was made to remove Its Perfectly Normal from a middle school library,ME,0,0,0,1,0,0
Book Challenge: Various books challenged for Sex,Sex,https://www.newsobserver.com/news/local/education/article256264562.html,Book Challenge,2021,Parent(s),LGBTQ,Wake County Public School System,"Nine criminal complaints were filed against the school district over the inclusion in school libraries of Gender Queer,=E2=80=9DAll Boys Aren't Blue, George and Lawn Boy.",NC,0,0,0,0,1,0
Book Challenge: Various books challenged for Sex,Sex,https://ncac.org/news/texas-list-book-removed,Book Challenge,2021,Parent(s),N/A,North East ISD,"After a TX Rep released a list of 850+ books that he claimed were potentially problematic, the district removed 400 books to be reviewed even though the District's policy says that access to challenged resources must not be restricted during the reconsideration process.  The district also removed some books without engaging in the district's challenge procedure",TX,0,0,0,0,1,0
Book Challenge: It's Perfectly Normal challenged for Sex,Sex,https://www.news8000.com/holmen-school-board-keeps-its-perfectly-normal-on-middle-school-shelves-after-appeal-for-removal/,Book Challenge,2021,Parent(s),N/A,School Dstrict of Holmen,"The Holmen School Board voted to keep It's Perfectly Normal, a book for kids about puberty and sexual health, on its middle school's shelves after an appeal to have it removed.",WI,0,0,0,1,0,0
Book Challenge: Gender Queer challenged for Sex,Sex,https://www.kniakrls.com/2021/12/15/gender-queer-a-memoir-to-remain-on-shelves-at-the-pella-public-library/?fbclid=3DIwAR0KBSlpG6LOV-BEIGhADEJ1-j3bXBPVSn3QkB3efEKd1Cnw1a3LF83pxVs,Book Challenge,2021,Community Members,LGBTQ,Pella Public Library,"After a challenge by a citizen of Pella, the Pella Public Library Board voted unanimously to keep the graphic autobiography Gender Queer shelved in the adult section of the library.",IA,0,1,0,0,0,0
Book Challenge: Out of Darkness and The Hate U Give challenged for Sex and Profanity,"Sex, Profanity",https://www.abc4.com/news/southern-utah/southern-utah-school-district-bans-two-historically-relevant-books-after-one-parents-complaint/,Book Challenge,2021,Parent(s),N/A,Washington County School District,Out of Darkness and The Hate U Give were removed from libraries after review committees recommended removal.,UT,0,0,0,0,1,0
Book Challenge: It's Perfectly Normal and In The Night Kitchen Removed for Sex,Sex,https://ncac.org/news/llano-county-texas-book-removals,Event/Other Expression,2021,Government Official,N/A,Llano County Library,"It's Perfectly Normal, by Robie Harris; and In The Night Kitchen, by Maurice Sendak, were reportedly removed from a public library under pressure from local politicians, against the library's book challenge procedures.",TX,0,1,0,0,0,0
"Book Challenge: Seven Books Challenged for ""Inappropriate"" Content",N/A,https://www.fortbendstar.com/schoolnews/lamar-consolidated-isd-reviewing-book-content-after-complaints/article_ed136116-6cdc-11ec-92cc-a32e7f635c6b.html,Book Challenge,2022,Parent(s),LGBTQ,Lamar Consolidated ISD,"A book review committee reviewed Me and Earl and the Dying Girl by Jesse Andrews; Forever for a Year by B.T. Gottfred; Jack of Hearts by Lev Rosen; All Boys Aren't Blue by George Johnson; The Breakaways by Cathy Johnson; The Nerdy and the Dirty by B.T. Gottfred; and Lawn Boy by Jonathan Evison, for ""inappropriate"" content.",TX,0,0,0,0,1,0
"Book Challenge: Born a Crime Challenged for Violence, Profanity and Sex","Sex, Profanity, Violence",https://www.hometownsource.com/press_and_news/news/education/osseo-school-board-votes-to-keep-born-a-crime-on-the-shelves/article_3c975ad4-6e5f-11ec-96bc-1bf8ea99ddbe.html,Book Challenge,2022,Parent(s),N/A,Osseo Area School District 279,"After a parent challenged Born a Crime by Trevor Noah, the school board voted to retain it.",MN,1,0,0,0,0,0
Book Challenge: To Kill A Mockingbird Challenged for Intolerance,Intolerance,https://www.king5.com/article/news/education/racial-concerns-mukilteo-consider-removing-to-kill-a-mockingbird-required-reading-list/281-a551040d-c54c-4257-b70f-c01d9933e191,Book Challenge,2022,Parent(s),N/A,Mukilteo School District,"After a parent challenged To Kill A Mockingbird, a committee voted to remove it from the required reading list, but to keep it on an approved list for voluntary use by teachers.",WA,1,0,0,0,0,0
Book Challenge: Several Books Challenged for Sex,Sex,https://trib.com/news/local/casper/students-speak-against-removing-controversial-books-from-casper-school-libraries/article_39e320d5-da84-54d8-b7eb-bb2407206ae6.html,Book Challenge,2022,Parent(s),LGBTQ,Natrona County School District 1,"Students spoke out at a school board meeting against the removal of Gender Queer, Traffick, Monday's Not Coming, and You and Me and Him.",WY,1,0,0,0,0,0
Book Challenge: Lawn Boy Challenged for Sex,Sex,https://ncac.org/news/wayzata-library-lawn-boy-book-removed,Book Challenge,2022,Parent(s),LGBTQ,Wayzata Public Schools,"School officials in Wayzata, Minnesota, removed Lawn Boy by Jonathan Evison from the Wayzata High School library in violation of District regulations.",MN,1,0,0,0,0,0
Book Challenge: Out of Darkness Challenged for Sex,Sex,https://www.henricocitizen.com/articles/book-removed-from-henrico-schools-as-governors-race-centers-book-banning/,Book Challenge,2021,Parent(s),Race,Henrico County Public Schools,"Out of Darkness was removed from school libraries in Henrico County, VA - per media inquiry. Unclear if it was permanently removed, or removed pending the outcome of the challenge. Policy requires all challenges to be decided by the board, after recommendation by committee and Superintendent.",VA,1,0,0,0,0,0
"Book Challenge: All Boys Aren't Blue, Gender Queer, and Me and Earl and the Dying Girl Challenged for Sex",Sex,N/A,Book Challenge,2022,N/A,LGBTQ,Downingtown Area School District,"Although board regulations require that book challenges be adjudicated according to a specified process, board policy allows administrators to ignore regulations at their discretion. Hence, these books were removed without going through the challenge procedure.",PA,1,0,0,0,0,0
Event/Other Expression: Student Speech Censored for LGBTQ Content,LGBTQ,https://cnycentral.com/news/local/crisis-in-the-classroom-gay-tully-high-school-senior-censored-by-school-publication,Event/Other Expression,2022,Staff/Admin/Board,N/A,Tully Central School District,"A 17-year-old student claimed that, after being selected as a featured student in a senior spotlight profile in a school-sponsored publication, he was told that what he wrote would not be published because he talked about his sexuality.",NY,1,0,0,0,0,0
Book Challenge: Gender Queer Challenged for Sex,Sex,https://www.loudountimes.com/news/superintendent-s-decision-to-pull-controversial-book-backed-up-by-school-board-committee/article_f3e7111a-795f-11ec-9e1a-c3943015198e.html,Book Challenge,2022,Parent(s),LGBTQ,Loudoun County Public Schools,"The school board upheld the superintendent's decision to remove Gender Queer from school libraries, overruling the recommendation of a review committee.",VA,1,0,0,0,0,0
Book Challenge: I'm a Gay Wizard Challenged for Sex,Sex,https://www.henricocitizen.com/articles/henrico-schools-pulls-another-book-from-library/,Book Challenge,2022,Parent(s),LGBTQ,Henrico County Public Schools,I'm a Gay Wizard was removed from library shelves pending the outcome of a challenge.,VA,1,0,0,0,0,0
Book Challenge: Lawn Boy and Gender Queer Challenged for Sex,Sex,https://billingsgazette.com/news/local/billings-school-board-votes-to-keep-controversial-books-addressing-lgbtq-issues/article_44a1966a-5d0c-5743-bb5b-053b5ef79e2a.html,Book Challenge,2022,Parent(s),LGBTQ,Billings Public Schools,The Billings Public School Board voted to keep both Gender Queer and Lawn Boy on library shelves after a review committee recommended keeping the latter and removing the former.,MT,1,0,0,0,0,0
Book Challenge: Various Books Challenged for LGBTQ Content,LGBTQ,https://www.mississippifreepress.org/20068/ridgeland-mayor-demands-lgbtq-book-purge-threatens-library-funding/,Book Challenge,2022,Government Official,LGBTQ,City of Ridgeland,"The mayor of Ridgeland, MS, threatened to withhold library funding unless the library removed LGBTQ+ books.",MS,0,1,0,0,0,0
Book Challenge: Gender Queer Challenged for Sex,Sex,https://www.readingeagle.com/2022/01/28/kutztown-school-board-gender-queer-high-school-library,Book Challenge,2022,Parent(s),LGBTQ,Kutztown Area School District,The school board voted to retain Gender Queer in school libraries after it was challenged by a parent.,PA,1,0,0,0,0,0
Book Challenge: Beyond Magenta Challenged for Sex,Sex,https://hl.nwaonline.com/news/2022/jan/09/board-votes-to-remove-book-from-high-school/,Book Challenge,2022,Parent(s),LGBTQ,Siloam Springs School District,The school board voted to remove Beyond Magenta by Susan Kuklin from the high school library and restrict its access from the counseling office.,AR,1,0,0,0,0,0
"Book Challenge: Various Books Challenged for Sex, Profanity","Sex, Profanity",https://www.tennessean.com/story/news/local/williamson/2022/01/25/williamson-county-schools-committee-removes-book-elementary-curriculum/9217318002/,Book Challenge,2022,Parent(s),LGBTQ,Williamson County Schools,"After a parents' group filed challenges to 31 books, a district committee recommended removing one book from the elementary school curriculum, limiting the use of six others, and keeping the rest with no restrictions.",TN,0,0,1,0,0,0
Book Challenge: Lawn Boy Removed for Sex,Sex,N/A,Book Challenge,2022,Parent(s),LGBTQ,Novi Community School District,"Lawn Boy was removed from a school library. District policy currently gives school principals discretion to remove books, but the district is considering amending that policy. NCAC provided them with our guidelines for book challenge procedures.",MI,1,0,0,0,0,0
Book Challenge: Maus Removed for Sex,Sex,https://ncac.org/news/maus-removed-tennessee-school-district,Book Challenge,2022,Community Members,Other,McKinn County School District,Board members voted unanimously to remove Maus from the curriculum because it contained swear words and a naked illustration. They did not follow the district's challenge procedures.,TN,0,0,0,0,1,0
Art/Display: Student Art Removed for Political/Social Views,"LGBTQ, Political/Social Views",https://ncac.org/news/georgia-lgbtq-school-artwork,Art/Display,2022,Staff/Admin/Board,N/A,Clarke County School District,"After a parent complained about an LGBTQ flag on the door of a fifth-grade teacher's classroom, an assistant principal noticed pieces of art students had created on their own time=E2=80=94not as part of an assignment=E2=80=94on Pride Week in October and ordered the teacher to take them down.",GA,0,0,1,0,0,0
"Book Challenge: Gender Queer, Out of Darkness and Lawn Boy Challenged for Sex",Sex,https://abc11.com/lgbt-books-in-schools-orange-county-school-board-obscene/11527588/,Book Challenge,2022,Parent(s),LGBTQ and Race,Orange County School District,"The school board rejected a challenge to Gender Queer, Out of Darkness and Lawn Boy.",NC,1,0,0,0,0,0
"Book Challenge: Dragonwings Removed for Intolerance, Profanity, Violence, and Drugs/Alcohol","Intolerance, Profanity, Violence",https://www.wbir.com/article/news/education/blount-county-middle-school-removes-dragonwings-from-curriculum-after-parents-express-concerns/51-6c40df29-2a72-43dd-b5ca-93baa3083dcc,Book Challenge,2022,Community Members,Race,Blount County Schools,Dragonwings was removed from the 6th-grade curriculum after a review committee recommended its removal.,TN,0,0,1,0,0,0
Book Challenge: Jack of Hearts (and Other Parts) and If I Was Your Girl Challenged for Sex,Sex,https://komonews.com/news/crisis-in-the-classroom/controversial-books-no-longer-under-review-kent-librarian-says,Book Challenge,2022,Parent(s),LGBTQ,Kent School District,Two book challenges were terminated because proper procedures were not followed. There was no effort to resolve it informally before formal challenges were initiated.,WA,0,0,0,1,0,0
Book Challenge: The Girl Who Fell from the Sky Challenged for Sex,Sex,https://www.wsoctv.com/news/local/cms-investigating-complaints-about-book-parents-say-is-inappropriate/3BFTDDY7IJE3RGUUHST4RRYYSQ/,Book Challenge,2022,Parent(s),Race,Charlotte-Mecklenburg Schools,Charlotte-Mecklenburg Schools said it is looking into complaints about a novel that ninth-grade students are required to read.,NC,1,0,0,0,0,0
Book Challenge: Gender Queer Challenged for Sex,Sex,https://coppellchronicle.substack.com/p/coppell-chronicle-vol-1-no-51,Book Challenge,2022,Parent(s),LGBTQ,Cozby Library and Community Commons,"The library board in Coppell, TX, deadlocked on whether to remove Gender Queer. A library committee had recommended keeping it.",TX,0,1,0,0,0,0
Book Challenge: The Hate U Give Challenged for Profanity,Profanity,https://www.wqad.com/article/news/education/rowva-schools-ook-ban-the-hate-u-give/526-1c69484d-84fb-42af-875a-014d3078285f,Book Challenge,2022,Parent(s),Race,ROWVA CUSD 208,"The school board removed The Hate U Give from classes during a closed session in November. But after an outcry from parents, they reopened the discussion to the public and are now reassessing district policies. The book had never been adopted by the district. NCAC sent book challenge guidelines to the district.",IL,1,0,0,0,0,0
Book Challenge: Thirteen Reasons Why and Me and Earl and the Dying Girl Challenged for Sex and Dark Themes,"Sex, Dark Themes",https://stateimpact.npr.org/oklahoma/2022/02/16/after-community-challenge-bixby-public-schools-will-keep-pair-of-books-in-libraries/,Book Challenge,2022,Parent(s),N/A,Bixby Public Schools,The Bixby Public Schools Board of Education voted unanimously to keep Thirteen Reasons Why and by a margin of 3-2 to keep Me and Earl and the Dying Girl in the wake of the challenge.,OK,0,0,0,0,1,0
Book Challenge: Various Books Removed for Sex,Sex,https://ncac.org/news/polk-county-florida-book-school,Book Challenge,2022,Community Members,LGBTQ,Polk County Public Schools,"School Superintendent asked middle and high school librarians to remove 16 books from school media center shelves for a review after receiving complaints about the books from the activist group County Citizens Defending Freedom. The group claimed that the books were ""harmful to minors"" under Florida law.",FL,0,0,0,0,1,0
